cunicu.li/go-rosenpass,,Apache-2.0
github.com/DeRuina/timberjack,https://github.com/DeRuina/timberjack/blob/v1.4.2/LICENSE,MIT
github.com/anmitsu/go-shlex,https://github.com/anmitsu/go-shlex/blob/38f4b401e2be/LICENSE,MIT
github.com/apapsch/go-jsonmerge/v2,https://github.com/apapsch/go-jsonmerge/blob/v2.0.0/LICENSE,MIT
github.com/aws/aws-sdk-go-v2,https://github.com/aws/aws-sdk-go-v2/blob/v1.38.3/LICENSE.txt,Apache-2.0
github.com/aws/aws-sdk-go-v2/config,https://github.com/aws/aws-sdk-go-v2/blob/config/v1.31.6/config/LICENSE.txt,Apache-2.0
github.com/aws/aws-sdk-go-v2/credentials,https://github.com/aws/aws-sdk-go-v2/blob/credentials/v1.18.10/credentials/LICENSE.txt,Apache-2.0
github.com/aws/aws-sdk-go-v2/feature/ec2/imds,https://github.com/aws/aws-sdk-go-v2/blob/feature/ec2/imds/v1.18.6/feature/ec2/imds/LICENSE.txt,Apache-2.0
github.com/aws/aws-sdk-go-v2/internal/configsources,https://github.com/aws/aws-sdk-go-v2/blob/internal/configsources/v1.4.6/internal/configsources/LICENSE.txt,Apache-2.0
github.com/aws/aws-sdk-go-v2/internal/endpoints/v2,https://github.com/aws/aws-sdk-go-v2/blob/internal/endpoints/v2.7.6/internal/endpoints/v2/LICENSE.txt,Apache-2.0
github.com/aws/aws-sdk-go-v2/internal/ini,https://github.com/aws/aws-sdk-go-v2/blob/internal/ini/v1.8.3/internal/ini/LICENSE.txt,Apache-2.0
github.com/aws/aws-sdk-go-v2/internal/sync/singleflight,https://github.com/aws/aws-sdk-go-v2/blob/v1.38.3/internal/sync/singleflight/LICENSE,BSD-3-Clause
github.com/aws/aws-sdk-go-v2/service/internal/accept-encoding,https://github.com/aws/aws-sdk-go-v2/blob/service/internal/accept-encoding/v1.13.1/service/internal/accept-encoding/LICENSE.txt,Apache-2.0
github.com/aws/aws-sdk-go-v2/service/internal/presigned-url,https://github.com/aws/aws-sdk-go-v2/blob/service/internal/presigned-url/v1.13.6/service/internal/presigned-url/LICENSE.txt,Apache-2.0
github.com/aws/aws-sdk-go-v2/service/route53,https://github.com/aws/aws-sdk-go-v2/blob/service/route53/v1.42.3/service/route53/LICENSE.txt,Apache-2.0
github.com/aws/aws-sdk-go-v2/service/sso,https://github.com/aws/aws-sdk-go-v2/blob/service/sso/v1.29.1/service/sso/LICENSE.txt,Apache-2.0
github.com/aws/aws-sdk-go-v2/service/ssooidc,https://github.com/aws/aws-sdk-go-v2/blob/service/ssooidc/v1.34.2/service/ssooidc/LICENSE.txt,Apache-2.0
github.com/aws/aws-sdk-go-v2/service/sts,https://github.com/aws/aws-sdk-go-v2/blob/service/sts/v1.38.2/service/sts/LICENSE.txt,Apache-2.0
github.com/aws/smithy-go,https://github.com/aws/smithy-go/blob/v1.23.0/LICENSE,Apache-2.0
github.com/aws/smithy-go/internal/sync/singleflight,https://github.com/aws/smithy-go/blob/v1.23.0/internal/sync/singleflight/LICENSE,BSD-3-Clause
github.com/c-robinson/iplib,https://github.com/c-robinson/iplib/blob/v1.0.3/LICENSE,MIT
github.com/caddyserver/certmagic,https://github.com/caddyserver/certmagic/blob/v0.21.3/LICENSE.txt,Apache-2.0
github.com/caddyserver/zerossl,https://github.com/caddyserver/zerossl/blob/v0.1.3/LICENSE,MIT
github.com/cenkalti/backoff/v4,https://github.com/cenkalti/backoff/blob/v4.3.0/LICENSE,MIT
github.com/cilium/ebpf,https://github.com/cilium/ebpf/blob/v0.19.0/LICENSE,MIT
github.com/cloudflare/circl,https://codeberg.org/cunicu/circl/src/commit/fec58fc7b5f6/LICENSE,BSD-3-Clause
github.com/coder/websocket,https://github.com/coder/websocket/blob/v1.8.14/LICENSE.txt,ISC
github.com/creack/pty,https://github.com/creack/pty/blob/v1.1.24/LICENSE,MIT
github.com/fsnotify/fsnotify,https://github.com/fsnotify/fsnotify/blob/v1.9.0/LICENSE,BSD-3-Clause
github.com/gliderlabs/ssh,https://github.com/gliderlabs/ssh/blob/v0.3.8/LICENSE,BSD-3-Clause
github.com/godbus/dbus/v5,https://github.com/godbus/dbus/blob/v5.2.2/LICENSE,BSD-2-Clause
github.com/golang-jwt/jwt/v5,https://github.com/golang-jwt/jwt/blob/v5.3.1/LICENSE,MIT
github.com/golang/protobuf/proto,https://github.com/golang/protobuf/blob/v1.5.4/LICENSE,BSD-3-Clause
github.com/google/btree,https://github.com/google/btree/blob/v1.1.3/LICENSE,Apache-2.0
github.com/google/gopacket,https://github.com/google/gopacket/blob/v1.1.19/LICENSE,BSD-3-Clause
github.com/google/uuid,https://github.com/google/uuid/blob/v1.6.0/LICENSE,BSD-3-Clause
github.com/gopacket/gopacket,https://github.com/gopacket/gopacket/blob/v1.4.0/LICENSE,BSD-3-Clause
github.com/grpc-ecosystem/grpc-gateway/v2,https://github.com/grpc-ecosystem/grpc-gateway/blob/v2.26.3/LICENSE,BSD-3-Clause
github.com/hashicorp/errwrap,https://github.com/hashicorp/errwrap/blob/v1.1.0/LICENSE,MPL-2.0
github.com/hashicorp/go-multierror,https://github.com/hashicorp/go-multierror/blob/v1.1.1/LICENSE,MPL-2.0
github.com/hashicorp/go-version,https://github.com/hashicorp/go-version/blob/v1.7.0/LICENSE,MPL-2.0
github.com/huin/goupnp,https://github.com/huin/goupnp/blob/v1.2.0/LICENSE,BSD-2-Clause
github.com/jackpal/go-nat-pmp,https://github.com/jackpal/go-nat-pmp/blob/v1.0.2/LICENSE,Apache-2.0
github.com/jmespath/go-jmespath,https://github.com/jmespath/go-jmespath/blob/v0.4.0/LICENSE,Apache-2.0
github.com/klauspost/compress,https://github.com/klauspost/compress/blob/v1.18.3/LICENSE,Apache-2.0
github.com/klauspost/compress/internal/snapref,https://github.com/klauspost/compress/blob/v1.18.3/internal/snapref/LICENSE,BSD-3-Clause
github.com/klauspost/compress/zstd/internal/xxhash,https://github.com/klauspost/compress/blob/v1.18.3/zstd/internal/xxhash/LICENSE.txt,MIT
github.com/klauspost/cpuid/v2,https://github.com/klauspost/cpuid/blob/v2.3.0/LICENSE,MIT
github.com/koron/go-ssdp,https://github.com/koron/go-ssdp/blob/v0.0.4/LICENSE,MIT
github.com/kr/fs,https://github.com/kr/fs/blob/v0.1.0/LICENSE,BSD-3-Clause
github.com/libdns/libdns,https://github.com/libdns/libdns/blob/v0.2.2/LICENSE,MIT
github.com/libdns/route53,https://github.com/libdns/route53/blob/v1.5.0/LICENSE,MIT
github.com/libp2p/go-nat,https://github.com/libp2p/go-nat/blob/v0.2.0/LICENSE,Apache-2.0
github.com/libp2p/go-netroute,https://github.com/libp2p/go-netroute/blob/v0.4.0/LICENSE,BSD-3-Clause
github.com/mdlayher/genetlink,https://github.com/mdlayher/genetlink/blob/v1.3.2/LICENSE.md,MIT
github.com/mdlayher/netlink,https://github.com/mdlayher/netlink/blob/fbb4dce95f42/LICENSE.md,MIT
github.com/mdlayher/socket,https://github.com/mdlayher/socket/blob/v0.5.1/LICENSE.md,MIT
github.com/mholt/acmez/v2,https://github.com/mholt/acmez/blob/v2.0.1/LICENSE,Apache-2.0
github.com/miekg/dns,https://github.com/miekg/dns/blob/v1.1.72/LICENSE,BSD-3-Clause
github.com/mitchellh/hashstructure/v2,https://github.com/mitchellh/hashstructure/blob/v2.0.2/LICENSE,MIT
github.com/netbirdio/netbird,https://github.com/netbirdio/netbird/blob/HEAD/LICENSE,BSD-3-Clause
github.com/oapi-codegen/runtime,https://github.com/oapi-codegen/runtime/blob/v1.1.2/LICENSE,Apache-2.0
github.com/pion/dtls/v2,https://github.com/pion/dtls/blob/v2.2.10/LICENSE,MIT
github.com/pion/dtls/v3,https://github.com/pion/dtls/blob/v3.0.9/LICENSE,MIT
github.com/pion/ice/v4,https://github.com/netbirdio/ice/blob/6202be846b51/LICENSE,MIT
github.com/pion/logging,https://github.com/pion/logging/blob/v0.2.4/LICENSE,MIT
github.com/pion/mdns/v2,https://github.com/pion/mdns/blob/v2.0.7/LICENSE,MIT
github.com/pion/randutil,https://github.com/pion/randutil/blob/v0.1.0/LICENSE,MIT
github.com/pion/stun/v2,https://github.com/pion/stun/blob/v2.0.0/LICENSE,MIT
github.com/pion/stun/v3,https://github.com/pion/stun/blob/v3.1.0/LICENSE,MIT
github.com/pion/transport/v2,https://github.com/pion/transport/blob/v2.2.4/LICENSE,MIT
github.com/pion/transport/v3,https://github.com/pion/transport/blob/v3.1.1/LICENSE,MIT
github.com/pion/turn/v3,https://github.com/pion/turn/blob/v3.0.1/LICENSE,MIT
github.com/pion/turn/v4,https://github.com/pion/turn/blob/v4.1.1/LICENSE,MIT
github.com/pkg/sftp,https://github.com/pkg/sftp/blob/v1.13.9/LICENSE,BSD-2-Clause
github.com/quic-go/quic-go,https://github.com/quic-go/quic-go/blob/v0.59.1/LICENSE,MIT
github.com/rs/xid,https://github.com/rs/xid/blob/v1.3.0/LICENSE,MIT
github.com/sirupsen/logrus,https://github.com/sirupsen/logrus/blob/v1.9.4/LICENSE,MIT
github.com/skratchdot/open-golang/open,https://github.com/skratchdot/open-golang/blob/eef842397966/LICENSE,MIT
github.com/things-go/go-socks5,https://github.com/things-go/go-socks5/blob/v0.0.4/LICENSE,MIT
github.com/vishvananda/netlink,https://github.com/vishvananda/netlink/blob/v1.3.1/LICENSE,Apache-2.0
github.com/vishvananda/netns,https://github.com/vishvananda/netns/blob/v0.0.5/LICENSE,Apache-2.0
github.com/wlynxg/anet,https://github.com/wlynxg/anet/blob/v0.0.5/LICENSE,BSD-3-Clause
github.com/zeebo/blake3,https://github.com/zeebo/blake3/blob/v0.2.3/LICENSE,CC0-1.0
go.uber.org/multierr,https://github.com/uber-go/multierr/blob/v1.11.0/LICENSE.txt,MIT
go.uber.org/zap,https://github.com/uber-go/zap/blob/v1.27.0/LICENSE,MIT
golang.org/x/crypto,https://cs.opensource.google/go/x/crypto/+/v0.55.0:LICENSE,BSD-3-Clause
golang.org/x/exp,https://cs.opensource.google/go/x/exp/+/746e56fc:LICENSE,BSD-3-Clause
golang.org/x/mobile,https://cs.opensource.google/go/x/mobile/+/f98cc9b3:LICENSE,BSD-3-Clause
golang.org/x/mod/semver,https://cs.opensource.google/go/x/mod/+/v0.39.0:LICENSE,BSD-3-Clause
golang.org/x/net,https://cs.opensource.google/go/x/net/+/v0.58.0:LICENSE,BSD-3-Clause
golang.org/x/oauth2,https://cs.opensource.google/go/x/oauth2/+/v0.36.0:LICENSE,BSD-3-Clause
golang.org/x/sync,https://cs.opensource.google/go/x/sync/+/v0.22.0:LICENSE,BSD-3-Clause
golang.org/x/sys,https://cs.opensource.google/go/x/sys/+/v0.47.0:LICENSE,BSD-3-Clause
golang.org/x/text,https://cs.opensource.google/go/x/text/+/v0.41.0:LICENSE,BSD-3-Clause
golang.org/x/time/rate,https://cs.opensource.google/go/x/time/+/v0.15.0:LICENSE,BSD-3-Clause
golang.org/x/tools,https://cs.opensource.google/go/x/tools/+/v0.49.0:LICENSE,BSD-3-Clause
golang.zx2c4.com/wireguard,https://github.com/netbirdio/wireguard-go/blob/2834bebf6c1a/LICENSE,MIT
golang.zx2c4.com/wireguard/wgctrl,https://github.com/WireGuard/wgctrl-go/blob/a9ab2273dd10/LICENSE.md,MIT
google.golang.org/genproto/googleapis/api/httpbody,https://github.com/googleapis/go-genproto/blob/d00831a3d3e7/googleapis/api/LICENSE,Apache-2.0
google.golang.org/genproto/googleapis/rpc/status,https://github.com/googleapis/go-genproto/blob/9d38bb4040a9/googleapis/rpc/LICENSE,Apache-2.0
google.golang.org/grpc,https://github.com/grpc/grpc-go/blob/v1.80.0/LICENSE,Apache-2.0
google.golang.org/protobuf,https://github.com/protocolbuffers/protobuf-go/blob/v1.36.11/LICENSE,BSD-3-Clause
gopkg.in/yaml.v3,https://github.com/go-yaml/yaml/blob/v3.0.1/LICENSE,MIT
gvisor.dev/gvisor/pkg,https://github.com/google/gvisor/blob/0f2374377e89/LICENSE,Apache-2.0
